id_date,Date,Num_Mois,Annee
1,2021-01-01,1,2021
2,2021-01-02,1,2021
3,2021-01-03,1,2021
4,2021-01-04,1,2021
5,2021-01-05,1,2021
6,2021-01-06,1,2021
7,2021-01-07,1,2021
8,2021-01-08,1,2021
9,2021-01-09,1,2021
10,2021-01-10,1,2021
11,2021-01-11,1,2021
12,2021-01-12,1,2021
13,2021-01-13,1,2021
14,2021-01-14,1,2021
15,2021-01-15,1,2021
16,2021-01-16,1,2021
17,2021-01-17,1,2021
18,2021-01-18,1,2021
19,2021-01-19,1,2021
20,2021-01-20,1,2021
21,2021-01-21,1,2021
22,2021-01-22,1,2021
23,2021-01-23,1,2021
24,2021-01-24,1,2021
25,2021-01-25,1,2021
26,2021-01-26,1,2021
27,2021-01-27,1,2021
28,2021-01-28,1,2021
29,2021-01-29,1,2021
30,2021-01-30,1,2021
31,2021-01-31,1,2021
32,2021-02-01,2,2021
33,2021-02-02,2,2021
34,2021-02-03,2,2021
35,2021-02-04,2,2021
36,2021-02-05,2,2021
37,2021-02-06,2,2021
38,2021-02-07,2,2021
39,2021-02-08,2,2021
40,2021-02-09,2,2021
41,2021-02-10,2,2021
42,2021-02-11,2,2021
43,2021-02-12,2,2021
44,2021-02-13,2,2021
45,2021-02-14,2,2021
46,2021-02-15,2,2021
47,2021-02-16,2,2021
48,2021-02-17,2,2021
49,2021-02-18,2,2021
50,2021-02-19,2,2021
51,2021-02-20,2,2021
52,2021-02-21,2,2021
53,2021-02-22,2,2021
54,2021-02-23,2,2021
55,2021-02-24,2,2021
56,2021-02-25,2,2021
57,2021-02-26,2,2021
58,2021-02-27,2,2021
59,2021-02-28,2,2021
60,2021-03-01,3,2021
61,2021-03-02,3,2021
62,2021-03-03,3,2021
63,2021-03-04,3,2021
64,2021-03-05,3,2021
65,2021-03-06,3,2021
66,2021-03-07,3,2021
67,2021-03-08,3,2021
68,2021-03-09,3,2021
69,2021-03-10,3,2021
70,2021-03-11,3,2021
71,2021-03-12,3,2021
72,2021-03-13,3,2021
73,2021-03-14,3,2021
74,2021-03-15,3,2021
75,2021-03-16,3,2021
76,2021-03-17,3,2021
77,2021-03-18,3,2021
78,2021-03-19,3,2021
79,2021-03-20,3,2021
80,2021-03-21,3,2021
81,2021-03-22,3,2021
82,2021-03-23,3,2021
83,2021-03-24,3,2021
84,2021-03-25,3,2021
85,2021-03-26,3,2021
86,2021-03-27,3,2021
87,2021-03-28,3,2021
88,2021-03-29,3,2021
89,2021-03-30,3,2021
90,2021-03-31,3,2021
91,2021-04-01,4,2021
92,2021-04-02,4,2021
93,2021-04-03,4,2021
94,2021-04-04,4,2021
95,2021-04-05,4,2021
96,2021-04-06,4,2021
97,2021-04-07,4,2021
98,2021-04-08,4,2021
99,2021-04-09,4,2021
100,2021-04-10,4,2021
101,2021-04-11,4,2021
102,2021-04-12,4,2021
103,2021-04-13,4,2021
104,2021-04-14,4,2021
105,2021-04-15,4,2021
106,2021-04-16,4,2021
107,2021-04-17,4,2021
108,2021-04-18,4,2021
109,2021-04-19,4,2021
110,2021-04-20,4,2021
111,2021-04-21,4,2021
112,2021-04-22,4,2021
113,2021-04-23,4,2021
114,2021-04-24,4,2021
115,2021-04-25,4,2021
116,2021-04-26,4,2021
117,2021-04-27,4,2021
118,2021-04-28,4,2021
119,2021-04-29,4,2021
120,2021-04-30,4,2021
121,2021-05-01,5,2021
122,2021-05-02,5,2021
123,2021-05-03,5,2021
124,2021-05-04,5,2021
125,2021-05-05,5,2021
126,2021-05-06,5,2021
127,2021-05-07,5,2021
128,2021-05-08,5,2021
129,2021-05-09,5,2021
130,2021-05-10,5,2021
131,2021-05-11,5,2021
132,2021-05-12,5,2021
133,2021-05-13,5,2021
134,2021-05-14,5,2021
135,2021-05-15,5,2021
136,2021-05-16,5,2021
137,2021-05-17,5,2021
138,2021-05-18,5,2021
139,2021-05-19,5,2021
140,2021-05-20,5,2021
141,2021-05-21,5,2021
142,2021-05-22,5,2021
143,2021-05-23,5,2021
144,2021-05-24,5,2021
145,2021-05-25,5,2021
146,2021-05-26,5,2021
147,2021-05-27,5,2021
148,2021-05-28,5,2021
149,2021-05-29,5,2021
150,2021-05-30,5,2021
151,2021-05-31,5,2021
152,2021-06-01,6,2021
153,2021-06-02,6,2021
154,2021-06-03,6,2021
155,2021-06-04,6,2021
156,2021-06-05,6,2021
157,2021-06-06,6,2021
158,2021-06-07,6,2021
159,2021-06-08,6,2021
160,2021-06-09,6,2021
161,2021-06-10,6,2021
162,2021-06-11,6,2021
163,2021-06-12,6,2021
164,2021-06-13,6,2021
165,2021-06-14,6,2021
166,2021-06-15,6,2021
167,2021-06-16,6,2021
168,2021-06-17,6,2021
169,2021-06-18,6,2021
170,2021-06-19,6,2021
171,2021-06-20,6,2021
172,2021-06-21,6,2021
173,2021-06-22,6,2021
174,2021-06-23,6,2021
175,2021-06-24,6,2021
176,2021-06-25,6,2021
177,2021-06-26,6,2021
178,2021-06-27,6,2021
179,2021-06-28,6,2021
180,2021-06-29,6,2021
181,2021-06-30,6,2021
182,2021-07-01,7,2021
183,2021-07-02,7,2021
184,2021-07-03,7,2021
185,2021-07-04,7,2021
186,2021-07-05,7,2021
187,2021-07-06,7,2021
188,2021-07-07,7,2021
189,2021-07-08,7,2021
190,2021-07-09,7,2021
191,2021-07-10,7,2021
192,2021-07-11,7,2021
193,2021-07-12,7,2021
194,2021-07-13,7,2021
195,2021-07-14,7,2021
196,2021-07-15,7,2021
197,2021-07-16,7,2021
198,2021-07-17,7,2021
199,2021-07-18,7,2021
200,2021-07-19,7,2021
201,2021-07-20,7,2021
202,2021-07-21,7,2021
203,2021-07-22,7,2021
204,2021-07-23,7,2021
205,2021-07-24,7,2021
206,2021-07-25,7,2021
207,2021-07-26,7,2021
208,2021-07-27,7,2021
209,2021-07-28,7,2021
210,2021-07-29,7,2021
211,2021-07-30,7,2021
212,2021-07-31,7,2021
213,2021-08-01,8,2021
214,2021-08-02,8,2021
215,2021-08-03,8,2021
216,2021-08-04,8,2021
217,2021-08-05,8,2021
218,2021-08-06,8,2021
219,2021-08-07,8,2021
220,2021-08-08,8,2021
221,2021-08-09,8,2021
222,2021-08-10,8,2021
223,2021-08-11,8,2021
224,2021-08-12,8,2021
225,2021-08-13,8,2021
226,2021-08-14,8,2021
227,2021-08-15,8,2021
228,2021-08-16,8,2021
229,2021-08-17,8,2021
230,2021-08-18,8,2021
231,2021-08-19,8,2021
232,2021-08-20,8,2021
233,2021-08-21,8,2021
234,2021-08-22,8,2021
235,2021-08-23,8,2021
236,2021-08-24,8,2021
237,2021-08-25,8,2021
238,2021-08-26,8,2021
239,2021-08-27,8,2021
240,2021-08-28,8,2021
241,2021-08-29,8,2021
242,2021-08-30,8,2021
243,2021-08-31,8,2021
244,2021-09-01,9,2021
245,2021-09-02,9,2021
246,2021-09-03,9,2021
247,2021-09-04,9,2021
248,2021-09-05,9,2021
249,2021-09-06,9,2021
250,2021-09-07,9,2021
251,2021-09-08,9,2021
252,2021-09-09,9,2021
253,2021-09-10,9,2021
254,2021-09-11,9,2021
255,2021-09-12,9,2021
256,2021-09-13,9,2021
257,2021-09-14,9,2021
258,2021-09-15,9,2021
259,2021-09-16,9,2021
260,2021-09-17,9,2021
261,2021-09-18,9,2021
262,2021-09-19,9,2021
263,2021-09-20,9,2021
264,2021-09-21,9,2021
265,2021-09-22,9,2021
266,2021-09-23,9,2021
267,2021-09-24,9,2021
268,2021-09-25,9,2021
269,2021-09-26,9,2021
270,2021-09-27,9,2021
271,2021-09-28,9,2021
272,2021-09-29,9,2021
273,2021-09-30,9,2021
274,2021-10-01,10,2021
275,2021-10-02,10,2021
276,2021-10-03,10,2021
277,2021-10-04,10,2021
278,2021-10-05,10,2021
279,2021-10-06,10,2021
280,2021-10-07,10,2021
281,2021-10-08,10,2021
282,2021-10-09,10,2021
283,2021-10-10,10,2021
284,2021-10-11,10,2021
285,2021-10-12,10,2021
286,2021-10-13,10,2021
287,2021-10-14,10,2021
288,2021-10-15,10,2021
289,2021-10-16,10,2021
290,2021-10-17,10,2021
291,2021-10-18,10,2021
292,2021-10-19,10,2021
293,2021-10-20,10,2021
294,2021-10-21,10,2021
295,2021-10-22,10,2021
296,2021-10-23,10,2021
297,2021-10-24,10,2021
298,2021-10-25,10,2021
299,2021-10-26,10,2021
300,2021-10-27,10,2021
301,2021-10-28,10,2021
302,2021-10-29,10,2021
303,2021-10-30,10,2021
304,2021-10-31,10,2021
305,2021-11-01,11,2021
306,2021-11-02,11,2021
307,2021-11-03,11,2021
308,2021-11-04,11,2021
309,2021-11-05,11,2021
310,2021-11-06,11,2021
311,2021-11-07,11,2021
312,2021-11-08,11,2021
313,2021-11-09,11,2021
314,2021-11-10,11,2021
315,2021-11-11,11,2021
316,2021-11-12,11,2021
317,2021-11-13,11,2021
318,2021-11-14,11,2021
319,2021-11-15,11,2021
320,2021-11-16,11,2021
321,2021-11-17,11,2021
322,2021-11-18,11,2021
323,2021-11-19,11,2021
324,2021-11-20,11,2021
325,2021-11-21,11,2021
326,2021-11-22,11,2021
327,2021-11-23,11,2021
328,2021-11-24,11,2021
329,2021-11-25,11,2021
330,2021-11-26,11,2021
331,2021-11-27,11,2021
332,2021-11-28,11,2021
333,2021-11-29,11,2021
334,2021-11-30,11,2021
335,2021-12-01,12,2021
336,2021-12-02,12,2021
337,2021-12-03,12,2021
338,2021-12-04,12,2021
339,2021-12-05,12,2021
340,2021-12-06,12,2021
341,2021-12-07,12,2021
342,2021-12-08,12,2021
343,2021-12-09,12,2021
344,2021-12-10,12,2021
345,2021-12-11,12,2021
346,2021-12-12,12,2021
347,2021-12-13,12,2021
348,2021-12-14,12,2021
349,2021-12-15,12,2021
350,2021-12-16,12,2021
351,2021-12-17,12,2021
352,2021-12-18,12,2021
353,2021-12-19,12,2021
354,2021-12-20,12,2021
355,2021-12-21,12,2021
356,2021-12-22,12,2021
357,2021-12-23,12,2021
358,2021-12-24,12,2021
359,2021-12-25,12,2021
360,2021-12-26,12,2021
361,2021-12-27,12,2021
362,2021-12-28,12,2021
363,2021-12-29,12,2021
364,2021-12-30,12,2021
365,2021-12-31,12,2021
366,2022-01-01,1,2022
367,2022-01-02,1,2022
368,2022-01-03,1,2022
369,2022-01-04,1,2022
370,2022-01-05,1,2022
371,2022-01-06,1,2022
372,2022-01-07,1,2022
373,2022-01-08,1,2022
374,2022-01-09,1,2022
375,2022-01-10,1,2022
376,2022-01-11,1,2022
377,2022-01-12,1,2022
378,2022-01-13,1,2022
379,2022-01-14,1,2022
380,2022-01-15,1,2022
381,2022-01-16,1,2022
382,2022-01-17,1,2022
383,2022-01-18,1,2022
384,2022-01-19,1,2022
385,2022-01-20,1,2022
386,2022-01-21,1,2022
387,2022-01-22,1,2022
388,2022-01-23,1,2022
389,2022-01-24,1,2022
390,2022-01-25,1,2022
391,2022-01-26,1,2022
392,2022-01-27,1,2022
393,2022-01-28,1,2022
394,2022-01-29,1,2022
395,2022-01-30,1,2022
396,2022-01-31,1,2022
397,2022-02-01,2,2022
398,2022-02-02,2,2022
399,2022-02-03,2,2022
400,2022-02-04,2,2022
401,2022-02-05,2,2022
402,2022-02-06,2,2022
403,2022-02-07,2,2022
404,2022-02-08,2,2022
405,2022-02-09,2,2022
406,2022-02-10,2,2022
407,2022-02-11,2,2022
408,2022-02-12,2,2022
409,2022-02-13,2,2022
410,2022-02-14,2,2022
411,2022-02-15,2,2022
412,2022-02-16,2,2022
413,2022-02-17,2,2022
414,2022-02-18,2,2022
415,2022-02-19,2,2022
416,2022-02-20,2,2022
417,2022-02-21,2,2022
418,2022-02-22,2,2022
419,2022-02-23,2,2022
420,2022-02-24,2,2022
421,2022-02-25,2,2022
422,2022-02-26,2,2022
423,2022-02-27,2,2022
424,2022-02-28,2,2022
425,2022-03-01,3,2022
426,2022-03-02,3,2022
427,2022-03-03,3,2022
428,2022-03-04,3,2022
429,2022-03-05,3,2022
430,2022-03-06,3,2022
431,2022-03-07,3,2022
432,2022-03-08,3,2022
433,2022-03-09,3,2022
434,2022-03-10,3,2022
435,2022-03-11,3,2022
436,2022-03-12,3,2022
437,2022-03-13,3,2022
438,2022-03-14,3,2022
439,2022-03-15,3,2022
440,2022-03-16,3,2022
441,2022-03-17,3,2022
442,2022-03-18,3,2022
443,2022-03-19,3,2022
444,2022-03-20,3,2022
445,2022-03-21,3,2022
446,2022-03-22,3,2022
447,2022-03-23,3,2022
448,2022-03-24,3,2022
449,2022-03-25,3,2022
450,2022-03-26,3,2022
451,2022-03-27,3,2022
452,2022-03-28,3,2022
453,2022-03-29,3,2022
454,2022-03-30,3,2022
455,2022-03-31,3,2022
456,2022-04-01,4,2022
457,2022-04-02,4,2022
458,2022-04-03,4,2022
459,2022-04-04,4,2022
460,2022-04-05,4,2022
461,2022-04-06,4,2022
462,2022-04-07,4,2022
463,2022-04-08,4,2022
464,2022-04-09,4,2022
465,2022-04-10,4,2022
466,2022-04-11,4,2022
467,2022-04-12,4,2022
468,2022-04-13,4,2022
469,2022-04-14,4,2022
470,2022-04-15,4,2022
471,2022-04-16,4,2022
472,2022-04-17,4,2022
473,2022-04-18,4,2022
474,2022-04-19,4,2022
475,2022-04-20,4,2022
476,2022-04-21,4,2022
477,2022-04-22,4,2022
478,2022-04-23,4,2022
479,2022-04-24,4,2022
480,2022-04-25,4,2022
481,2022-04-26,4,2022
482,2022-04-27,4,2022
483,2022-04-28,4,2022
484,2022-04-29,4,2022
485,2022-04-30,4,2022
486,2022-05-01,5,2022
487,2022-05-02,5,2022
488,2022-05-03,5,2022
489,2022-05-04,5,2022
490,2022-05-05,5,2022
491,2022-05-06,5,2022
492,2022-05-07,5,2022
493,2022-05-08,5,2022
494,2022-05-09,5,2022
495,2022-05-10,5,2022
496,2022-05-11,5,2022
497,2022-05-12,5,2022
498,2022-05-13,5,2022
499,2022-05-14,5,2022
500,2022-05-15,5,2022
501,2022-05-16,5,2022
502,2022-05-17,5,2022
503,2022-05-18,5,2022
504,2022-05-19,5,2022
505,2022-05-20,5,2022
506,2022-05-21,5,2022
507,2022-05-22,5,2022
508,2022-05-23,5,2022
509,2022-05-24,5,2022
510,2022-05-25,5,2022
511,2022-05-26,5,2022
512,2022-05-27,5,2022
513,2022-05-28,5,2022
514,2022-05-29,5,2022
515,2022-05-30,5,2022
516,2022-05-31,5,2022
517,2022-06-01,6,2022
518,2022-06-02,6,2022
519,2022-06-03,6,2022
520,2022-06-04,6,2022
521,2022-06-05,6,2022
522,2022-06-06,6,2022
523,2022-06-07,6,2022
524,2022-06-08,6,2022
525,2022-06-09,6,2022
526,2022-06-10,6,2022
527,2022-06-11,6,2022
528,2022-06-12,6,2022
529,2022-06-13,6,2022
530,2022-06-14,6,2022
531,2022-06-15,6,2022
532,2022-06-16,6,2022
533,2022-06-17,6,2022
534,2022-06-18,6,2022
535,2022-06-19,6,2022
536,2022-06-20,6,2022
537,2022-06-21,6,2022
538,2022-06-22,6,2022
539,2022-06-23,6,2022
540,2022-06-24,6,2022
541,2022-06-25,6,2022
542,2022-06-26,6,2022
543,2022-06-27,6,2022
544,2022-06-28,6,2022
545,2022-06-29,6,2022
546,2022-06-30,6,2022
547,2022-07-01,7,2022
548,2022-07-02,7,2022
549,2022-07-03,7,2022
550,2022-07-04,7,2022
551,2022-07-05,7,2022
552,2022-07-06,7,2022
553,2022-07-07,7,2022
554,2022-07-08,7,2022
555,2022-07-09,7,2022
556,2022-07-10,7,2022
557,2022-07-11,7,2022
558,2022-07-12,7,2022
559,2022-07-13,7,2022
560,2022-07-14,7,2022
561,2022-07-15,7,2022
562,2022-07-16,7,2022
563,2022-07-17,7,2022
564,2022-07-18,7,2022
565,2022-07-19,7,2022
566,2022-07-20,7,2022
567,2022-07-21,7,2022
568,2022-07-22,7,2022
569,2022-07-23,7,2022
570,2022-07-24,7,2022
571,2022-07-25,7,2022
572,2022-07-26,7,2022
573,2022-07-27,7,2022
574,2022-07-28,7,2022
575,2022-07-29,7,2022
576,2022-07-30,7,2022
577,2022-07-31,7,2022
578,2022-08-01,8,2022
579,2022-08-02,8,2022
580,2022-08-03,8,2022
581,2022-08-04,8,2022
582,2022-08-05,8,2022
583,2022-08-06,8,2022
584,2022-08-07,8,2022
585,2022-08-08,8,2022
586,2022-08-09,8,2022
587,2022-08-10,8,2022
588,2022-08-11,8,2022
589,2022-08-12,8,2022
590,2022-08-13,8,2022
591,2022-08-14,8,2022
592,2022-08-15,8,2022
593,2022-08-16,8,2022
594,2022-08-17,8,2022
595,2022-08-18,8,2022
596,2022-08-19,8,2022
597,2022-08-20,8,2022
598,2022-08-21,8,2022
599,2022-08-22,8,2022
600,2022-08-23,8,2022
601,2022-08-24,8,2022
602,2022-08-25,8,2022
603,2022-08-26,8,2022
604,2022-08-27,8,2022
605,2022-08-28,8,2022
606,2022-08-29,8,2022
607,2022-08-30,8,2022
608,2022-08-31,8,2022
609,2022-09-01,9,2022
610,2022-09-02,9,2022
611,2022-09-03,9,2022
612,2022-09-04,9,2022
613,2022-09-05,9,2022
614,2022-09-06,9,2022
615,2022-09-07,9,2022
616,2022-09-08,9,2022
617,2022-09-09,9,2022
618,2022-09-10,9,2022
619,2022-09-11,9,2022
620,2022-09-12,9,2022
621,2022-09-13,9,2022
622,2022-09-14,9,2022
623,2022-09-15,9,2022
624,2022-09-16,9,2022
625,2022-09-17,9,2022
626,2022-09-18,9,2022
627,2022-09-19,9,2022
628,2022-09-20,9,2022
629,2022-09-21,9,2022
630,2022-09-22,9,2022
631,2022-09-23,9,2022
632,2022-09-24,9,2022
633,2022-09-25,9,2022
634,2022-09-26,9,2022
635,2022-09-27,9,2022
636,2022-09-28,9,2022
637,2022-09-29,9,2022
638,2022-09-30,9,2022
639,2022-10-01,10,2022
640,2022-10-02,10,2022
641,2022-10-03,10,2022
642,2022-10-04,10,2022
643,2022-10-05,10,2022
644,2022-10-06,10,2022
645,2022-10-07,10,2022
646,2022-10-08,10,2022
647,2022-10-09,10,2022
648,2022-10-10,10,2022
649,2022-10-11,10,2022
650,2022-10-12,10,2022
651,2022-10-13,10,2022
652,2022-10-14,10,2022
653,2022-10-15,10,2022
654,2022-10-16,10,2022
655,2022-10-17,10,2022
656,2022-10-18,10,2022
657,2022-10-19,10,2022
658,2022-10-20,10,2022
659,2022-10-21,10,2022
660,2022-10-22,10,2022
661,2022-10-23,10,2022
662,2022-10-24,10,2022
663,2022-10-25,10,2022
664,2022-10-26,10,2022
665,2022-10-27,10,2022
666,2022-10-28,10,2022
667,2022-10-29,10,2022
668,2022-10-30,10,2022
669,2022-10-31,10,2022
670,2022-11-01,11,2022
671,2022-11-02,11,2022
672,2022-11-03,11,2022
673,2022-11-04,11,2022
674,2022-11-05,11,2022
675,2022-11-06,11,2022
676,2022-11-07,11,2022
677,2022-11-08,11,2022
678,2022-11-09,11,2022
679,2022-11-10,11,2022
680,2022-11-11,11,2022
681,2022-11-12,11,2022
682,2022-11-13,11,2022
683,2022-11-14,11,2022
684,2022-11-15,11,2022
685,2022-11-16,11,2022
686,2022-11-17,11,2022
687,2022-11-18,11,2022
688,2022-11-19,11,2022
689,2022-11-20,11,2022
690,2022-11-21,11,2022
691,2022-11-22,11,2022
692,2022-11-23,11,2022
693,2022-11-24,11,2022
694,2022-11-25,11,2022
695,2022-11-26,11,2022
696,2022-11-27,11,2022
697,2022-11-28,11,2022
698,2022-11-29,11,2022
699,2022-11-30,11,2022
700,2022-12-01,12,2022
701,2022-12-02,12,2022
702,2022-12-03,12,2022
703,2022-12-04,12,2022
704,2022-12-05,12,2022
705,2022-12-06,12,2022
706,2022-12-07,12,2022
707,2022-12-08,12,2022
708,2022-12-09,12,2022
709,2022-12-10,12,2022
710,2022-12-11,12,2022
711,2022-12-12,12,2022
712,2022-12-13,12,2022
713,2022-12-14,12,2022
714,2022-12-15,12,2022
715,2022-12-16,12,2022
716,2022-12-17,12,2022
717,2022-12-18,12,2022
718,2022-12-19,12,2022
719,2022-12-20,12,2022
720,2022-12-21,12,2022
721,2022-12-22,12,2022
722,2022-12-23,12,2022
723,2022-12-24,12,2022
724,2022-12-25,12,2022
725,2022-12-26,12,2022
726,2022-12-27,12,2022
727,2022-12-28,12,2022
728,2022-12-29,12,2022
729,2022-12-30,12,2022
730,2022-12-31,12,2022